{"app":["/app-00d5afbe8f47b388c615.js"],"component---src-templates-index-template-jsx":["/component---src-templates-index-template-jsx-49ba46153c2a3f57a46c.js"],"component---src-templates-cs-template-jsx":["/component---src-templates-cs-template-jsx-d147a880ae415a299747.js"],"component---src-templates-ras-template-jsx":["/component---src-templates-ras-template-jsx-13179dff4737adffc366.js"],"component---src-templates-ea-template-jsx":["/component---src-templates-ea-template-jsx-1cb78af8f5867e1e5b11.js"],"component---src-templates-pes-template-jsx":["/component---src-templates-pes-template-jsx-968aa2b947faff8e51ed.js"],"component---src-templates-wie-template-jsx":["/component---src-templates-wie-template-jsx-aa70a07802fdf7aa0828.js"],"component---src-templates-member-template-jsx":["/component---src-templates-member-template-jsx-ae5a1dfa699f21c74b86.js"],"component---src-pages-404-js":["/component---src-pages-404-js-f222cf6d37acb7315052.js"]}