{"errors":[],"warnings":["chunk styles [mini-css-extract-plugin]\nConflicting order between:\n * css ./node_modules/css-loader??ref--12-oneOf-1-1!./node_modules/postcss-loader/lib??postcss-2!./node_modules/@fortawesome/fontawesome-free/css/all.min.css\n * css ./node_modules/css-loader??ref--12-oneOf-1-1!./node_modules/postcss-loader/lib??postcss-2!./src/components/style.css (1)\n * css ./node_modules/css-loader??ref--12-oneOf-1-1!./node_modules/postcss-loader/lib??postcss-2!./src/components/style.css","chunk styles [mini-css-extract-plugin]\nConflicting order between:\n * css ./node_modules/css-loader??ref--12-oneOf-1-1!./node_modules/postcss-loader/lib??postcss-2!./node_modules/bootstrap-css-only/css/bootstrap.min.css\n * css ./node_modules/css-loader??ref--12-oneOf-1-1!./node_modules/postcss-loader/lib??postcss-2!./src/components/style.css (1)\n * css ./node_modules/css-loader??ref--12-oneOf-1-1!./node_modules/postcss-loader/lib??postcss-2!./src/components/style.css","chunk styles [mini-css-extract-plugin]\nConflicting order between:\n * css ./node_modules/css-loader??ref--12-oneOf-1-1!./node_modules/postcss-loader/lib??postcss-2!./node_modules/mdbreact/dist/css/mdb.css\n * css ./node_modules/css-loader??ref--12-oneOf-1-1!./node_modules/postcss-loader/lib??postcss-2!./src/components/style.css (1)\n * css ./node_modules/css-loader??ref--12-oneOf-1-1!./node_modules/postcss-loader/lib??postcss-2!./src/components/style.css","chunk styles [mini-css-extract-plugin]\nConflicting order between:\n * css ./node_modules/css-loader??ref--12-oneOf-1-1!./node_modules/postcss-loader/lib??postcss-2!./src/components/style.css\n * css ./node_modules/css-loader??ref--12-oneOf-1-1!./node_modules/postcss-loader/lib??postcss-2!./src/components/layout.css (1)\n * css ./node_modules/css-loader??ref--12-oneOf-1-1!./node_modules/postcss-loader/lib??postcss-2!./src/components/layout.css","chunk styles [mini-css-extract-plugin]\nConflicting order between:\n * css ./node_modules/css-loader??ref--12-oneOf-1-1!./node_modules/postcss-loader/lib??postcss-2!./src/components/layout.css\n * css ./node_modules/css-loader??ref--12-oneOf-1-1!./node_modules/postcss-loader/lib??postcss-2!./src/components/style.css (1)","chunk styles [mini-css-extract-plugin]\nConflicting order between:\n * css ./node_modules/css-loader??ref--12-oneOf-1-1!./node_modules/postcss-loader/lib??postcss-2!./src/components/style.css (1)\n * css ./node_modules/css-loader??ref--12-oneOf-1-1!./node_modules/postcss-loader/lib??postcss-2!./src/components/layout.css (1)"],"namedChunkGroups":{"app":{"chunks":[14,5],"assets":["webpack-runtime-b61023575f13f1b53397.js","webpack-runtime-b61023575f13f1b53397.js.map","app-00d5afbe8f47b388c615.js","app-00d5afbe8f47b388c615.js.map"],"children":{},"childAssets":{}},"component---src-templates-index-template-jsx":{"chunks":[0,1,3,4,9],"assets":["styles.62cc944081caebb6cc2e.css","styles-891522f344c19639ab69.js","styles-891522f344c19639ab69.js.map","1-09a422e2836b9910fefa.js","1-09a422e2836b9910fefa.js.map","3-41be631ffca0b7de4608.js","3-41be631ffca0b7de4608.js.map","4-d18ad8d0e6f7f6b6cb79.js","4-d18ad8d0e6f7f6b6cb79.js.map","component---src-templates-index-template-jsx-49ba46153c2a3f57a46c.js","component---src-templates-index-template-jsx-49ba46153c2a3f57a46c.js.map"],"children":{},"childAssets":{}},"component---src-templates-cs-template-jsx":{"chunks":[0,1,3,2,7],"assets":["styles.62cc944081caebb6cc2e.css","styles-891522f344c19639ab69.js","styles-891522f344c19639ab69.js.map","1-09a422e2836b9910fefa.js","1-09a422e2836b9910fefa.js.map","3-41be631ffca0b7de4608.js","3-41be631ffca0b7de4608.js.map","2-f6dace03086d3e60295f.js","2-f6dace03086d3e60295f.js.map","component---src-templates-cs-template-jsx-d147a880ae415a299747.js","component---src-templates-cs-template-jsx-d147a880ae415a299747.js.map"],"children":{},"childAssets":{}},"component---src-templates-ras-template-jsx":{"chunks":[0,1,3,2,12],"assets":["styles.62cc944081caebb6cc2e.css","styles-891522f344c19639ab69.js","styles-891522f344c19639ab69.js.map","1-09a422e2836b9910fefa.js","1-09a422e2836b9910fefa.js.map","3-41be631ffca0b7de4608.js","3-41be631ffca0b7de4608.js.map","2-f6dace03086d3e60295f.js","2-f6dace03086d3e60295f.js.map","component---src-templates-ras-template-jsx-13179dff4737adffc366.js","component---src-templates-ras-template-jsx-13179dff4737adffc366.js.map"],"children":{},"childAssets":{}},"component---src-templates-ea-template-jsx":{"chunks":[0,1,3,2,8],"assets":["styles.62cc944081caebb6cc2e.css","styles-891522f344c19639ab69.js","styles-891522f344c19639ab69.js.map","1-09a422e2836b9910fefa.js","1-09a422e2836b9910fefa.js.map","3-41be631ffca0b7de4608.js","3-41be631ffca0b7de4608.js.map","2-f6dace03086d3e60295f.js","2-f6dace03086d3e60295f.js.map","component---src-templates-ea-template-jsx-1cb78af8f5867e1e5b11.js","component---src-templates-ea-template-jsx-1cb78af8f5867e1e5b11.js.map"],"children":{},"childAssets":{}},"component---src-templates-pes-template-jsx":{"chunks":[0,1,3,2,11],"assets":["styles.62cc944081caebb6cc2e.css","styles-891522f344c19639ab69.js","styles-891522f344c19639ab69.js.map","1-09a422e2836b9910fefa.js","1-09a422e2836b9910fefa.js.map","3-41be631ffca0b7de4608.js","3-41be631ffca0b7de4608.js.map","2-f6dace03086d3e60295f.js","2-f6dace03086d3e60295f.js.map","component---src-templates-pes-template-jsx-968aa2b947faff8e51ed.js","component---src-templates-pes-template-jsx-968aa2b947faff8e51ed.js.map"],"children":{},"childAssets":{}},"component---src-templates-wie-template-jsx":{"chunks":[0,1,3,2,13],"assets":["styles.62cc944081caebb6cc2e.css","styles-891522f344c19639ab69.js","styles-891522f344c19639ab69.js.map","1-09a422e2836b9910fefa.js","1-09a422e2836b9910fefa.js.map","3-41be631ffca0b7de4608.js","3-41be631ffca0b7de4608.js.map","2-f6dace03086d3e60295f.js","2-f6dace03086d3e60295f.js.map","component---src-templates-wie-template-jsx-aa70a07802fdf7aa0828.js","component---src-templates-wie-template-jsx-aa70a07802fdf7aa0828.js.map"],"children":{},"childAssets":{}},"component---src-templates-member-template-jsx":{"chunks":[0,1,4,2,10],"assets":["styles.62cc944081caebb6cc2e.css","styles-891522f344c19639ab69.js","styles-891522f344c19639ab69.js.map","1-09a422e2836b9910fefa.js","1-09a422e2836b9910fefa.js.map","4-d18ad8d0e6f7f6b6cb79.js","4-d18ad8d0e6f7f6b6cb79.js.map","2-f6dace03086d3e60295f.js","2-f6dace03086d3e60295f.js.map","component---src-templates-member-template-jsx-ae5a1dfa699f21c74b86.js","component---src-templates-member-template-jsx-ae5a1dfa699f21c74b86.js.map"],"children":{},"childAssets":{}},"component---src-pages-404-js":{"chunks":[0,1,15,2,6],"assets":["styles.62cc944081caebb6cc2e.css","styles-891522f344c19639ab69.js","styles-891522f344c19639ab69.js.map","1-09a422e2836b9910fefa.js","1-09a422e2836b9910fefa.js.map","15-ed04a4447533d5fb1def.js","15-ed04a4447533d5fb1def.js.map","2-f6dace03086d3e60295f.js","2-f6dace03086d3e60295f.js.map","component---src-pages-404-js-f222cf6d37acb7315052.js","component---src-pages-404-js-f222cf6d37acb7315052.js.map"],"children":{},"childAssets":{}}},"assetsByChunkName":{"app":["webpack-runtime-b61023575f13f1b53397.js","app-00d5afbe8f47b388c615.js"],"component---src-templates-index-template-jsx":["styles.62cc944081caebb6cc2e.css","styles-891522f344c19639ab69.js","1-09a422e2836b9910fefa.js","3-41be631ffca0b7de4608.js","4-d18ad8d0e6f7f6b6cb79.js","component---src-templates-index-template-jsx-49ba46153c2a3f57a46c.js"],"component---src-templates-cs-template-jsx":["styles.62cc944081caebb6cc2e.css","styles-891522f344c19639ab69.js","1-09a422e2836b9910fefa.js","3-41be631ffca0b7de4608.js","2-f6dace03086d3e60295f.js","component---src-templates-cs-template-jsx-d147a880ae415a299747.js"],"component---src-templates-ras-template-jsx":["styles.62cc944081caebb6cc2e.css","styles-891522f344c19639ab69.js","1-09a422e2836b9910fefa.js","3-41be631ffca0b7de4608.js","2-f6dace03086d3e60295f.js","component---src-templates-ras-template-jsx-13179dff4737adffc366.js"],"component---src-templates-ea-template-jsx":["styles.62cc944081caebb6cc2e.css","styles-891522f344c19639ab69.js","1-09a422e2836b9910fefa.js","3-41be631ffca0b7de4608.js","2-f6dace03086d3e60295f.js","component---src-templates-ea-template-jsx-1cb78af8f5867e1e5b11.js"],"component---src-templates-pes-template-jsx":["styles.62cc944081caebb6cc2e.css","styles-891522f344c19639ab69.js","1-09a422e2836b9910fefa.js","3-41be631ffca0b7de4608.js","2-f6dace03086d3e60295f.js","component---src-templates-pes-template-jsx-968aa2b947faff8e51ed.js"],"component---src-templates-wie-template-jsx":["styles.62cc944081caebb6cc2e.css","styles-891522f344c19639ab69.js","1-09a422e2836b9910fefa.js","3-41be631ffca0b7de4608.js","2-f6dace03086d3e60295f.js","component---src-templates-wie-template-jsx-aa70a07802fdf7aa0828.js"],"component---src-templates-member-template-jsx":["styles.62cc944081caebb6cc2e.css","styles-891522f344c19639ab69.js","1-09a422e2836b9910fefa.js","4-d18ad8d0e6f7f6b6cb79.js","2-f6dace03086d3e60295f.js","component---src-templates-member-template-jsx-ae5a1dfa699f21c74b86.js"],"component---src-pages-404-js":["styles.62cc944081caebb6cc2e.css","styles-891522f344c19639ab69.js","1-09a422e2836b9910fefa.js","15-ed04a4447533d5fb1def.js","2-f6dace03086d3e60295f.js","component---src-pages-404-js-f222cf6d37acb7315052.js"]}}